sequences,AFG98863,AFM72076,AAT64716,AAT64717,AAT64720,AAT64727,AAT64748,AAT64773,AAT64826,AFH00714,AFG99160,AAT64725,AAB69830,AFG72085,AAT64728,AFG99248,AAB66732,AAT64741,AAT64849,AAT64855,AAT64858,AFG72625,AAT64867,AAT64872,AAT64876,AFG72823
AAT64713,3.469065205636422,10.121134392721745,2.483909863765099,3.628697644144112,8.710262743009988,9.851418282118797,9.807362777051528,11.375815779988995,16.528265697025688,10.260121788882444,10.512052680530408,9.941810666544209,10.757057370343189,11.94741978556362,9.658640835463585,12.007478241989814,10.720961850978242,11.43215488009108,16.87093611114138,18.931085115186345,18.37059271441503,17.62623095386158,17.681850344711187,17.759439076840618,16.558075890497214,13.43919552437821
AAT64714,3.439189838890458,10.159962685080508,2.2632858495729,3.433935584456236,8.686742462482732,9.914397143342924,10.036852408431812,11.57220800424247,16.668778286184068,10.221044191902108,10.460140972062543,10.02417854446882,10.906006407783924,12.105280668005342,9.741242904103323,12.152997716216202,10.92022343118502,11.64563165857178,17.02415092827679,19.044277753521072,18.510345814349463,17.80519864716088,17.804772200440752,17.940124359786324,16.73510306871221,13.591862145843027
AAT64666,2.355484236236178,10.287635530630462,2.226401923504429,3.622810327653297,8.213083359259223,9.981280964310857,10.302713228988578,11.919236397503116,17.193892105498907,10.74822846195693,10.876884548161724,10.051862471174845,11.019103601975674,11.909504028451886,9.836266552317529,11.914681510477369,10.602656632753694,11.850567193721966,17.370102570372595,19.51474800792172,18.994064448821945,18.422383996742077,18.42991883464581,18.487620006769227,17.507479480471083,14.602859494365257
AAT64715,2.7380851037815197,8.938543688944524,2.3322810155013936,3.1822209035315216,7.476490538367682,8.61199163873478,8.733608700021605,10.330094167916812,15.602896738216486,9.439623103891376,9.632327141386977,8.665699510980595,9.5048270891486,10.5413926841768,8.417288498766476,10.587998515504395,9.277290505527723,10.285910772909224,15.791604011390469,17.944888629892468,17.405017931590503,16.840677507350478,16.848086624541175,16.896222790137074,15.978252943152132,13.238856806265574
AAT64667,3.027065343732821,10.33768695379828,2.799205181282254,4.067440072468368,8.616899910354478,10.006862783206428,9.883952285961694,11.54115891887677,16.858499759174276,10.7847068713204,10.984333186147987,10.052886959882306,10.84398514096772,11.83339167331034,9.810589393393156,11.88152891807622,10.47907764519516,11.492158791712306,17.084455567969446,19.26169543023267,18.67740869460945,17.95623417749154,18.087275967464027,18.049851435872853,16.971024807434645,14.000236863620618
AAT64668,3.482090001236997,10.452941447662516,2.778177608834657,4.010369669904289,8.940392216183914,10.158736992209535,9.990074276263506,11.60365541205575,16.8240280885754,10.685108945121234,10.929771916084208,10.230030422374972,11.0072412497165,12.138075731054313,9.957742598087654,12.200088731398852,10.84864858235597,11.627606825064442,17.142123790245137,19.2489500926168,18.664390338046974,17.87953482007593,17.998169024037928,18.010616868817245,16.80657415021463,13.685128261027662
AAT64669,2.985568304064946,11.236134945982757,3.1856702681580726,4.632155185728524,9.058660863035444,10.901592152042856,10.946546306698352,12.628349001790472,17.98496278907283,11.760557018552383,11.89878036721348,10.946764893806504,11.827617252416708,12.657766661956156,10.73900071065172,12.67241120451772,11.25448272444326,12.530038785508774,18.157191284200454,20.360544840150517,19.79096197310443,19.102428230420745,19.233829307418777,19.18292575047917,18.13041723914258,15.136799582900908
AAT64670,3.5646514615622085,10.656042579493931,4.159305578442779,5.312254136513881,8.895839074018825,10.22444143256834,9.60682185233092,11.390353952896415,16.91580177842308,11.513789951932663,11.701072046150394,10.183913041397304,10.763432536697591,11.532254814829452,9.981281609194465,11.602303314886916,9.975497071241463,11.20406173839373,17.008783847298382,19.367798117156557,18.70105392598497,17.90658724197407,18.240376378804623,17.96114084457426,17.006287903637272,14.255330191513352
AAT64671,3.424619451105801,12.667107746312343,4.348713173039001,5.758705019489663,9.495122927582468,12.353789443786756,13.123393128496629,14.782711092952011,20.135890316322406,13.35710235107741,13.320926125965611,12.418045884897804,13.600189541840594,14.06294189331917,12.296463780739492,13.977979373346129,12.670113849610791,14.585218863921977,20.149280322186677,22.35643780926374,21.889320100726504,21.455991119238732,21.4324492054423,21.47179443981969,20.619782581200617,17.73367312269917
AAT64672,2.5635116832607783,10.316117569448608,2.222742808105794,3.612419152492478,8.344293188350417,10.018662451553404,10.28318718311597,11.89182403328599,17.143706078244,10.70795402084765,10.85759773660524,10.09494367964661,11.041473263313923,11.987373990722062,9.866872736623844,12.001370656718798,10.695142289014443,11.847430690097893,17.353188003685474,19.479776436746945,18.95290914245204,18.347647361489003,18.36265108187362,18.427007095656368,17.399351328010876,14.442898520160783
AAT64673,2.535498183680616,10.359030496561486,2.2100265718730467,3.6162376155499714,8.351791653391762,10.063408453873032,10.356114991504343,11.96322767375622,17.212894345742274,10.750698792815806,10.894704943834208,10.141366437052843,11.10035814152288,12.036737405903162,9.915677497775198,12.047332812894822,10.745826334116405,11.917005067406931,17.41931356311866,19.54400389186524,19.02098221305887,18.423254655401305,18.431979032163557,18.50139110159847,17.47717363764016,14.519723313101805
AAT64674,2.4306259965358823,9.941981238611644,1.2952982642815498,2.7409790765119446,7.920462688271284,9.7114060690697,10.44157158502966,11.944395726873188,17.030816362251013,10.135864575630135,10.254146353904613,9.841244897919683,10.959726970818435,11.961079579981048,9.60868544703493,11.946782715096258,10.812652433855762,11.953063592929484,17.269780591942062,19.28278124925172,18.833852517612232,18.364446305493328,18.20606933371615,18.440107300532564,17.441270087254793,14.487252167741971
AFG72018,4.45663119099366,6.129302119706303,4.867323071906244,3.937782081240845,2.132485987498576,6.005214492570442,9.72002827178599,10.68849770965124,15.118793761388826,7.32864315547797,6.84133437681676,6.212717457353124,8.294631915373662,8.380846373257697,6.272684265478276,8.088816948704848,7.875305537837966,10.44719211528234,14.76087171888023,16.627191017809732,16.60508897073728,17.394848926369093,16.44063171738605,17.14567222020046,17.37603352274244,15.88779072192783
AFG72007,3.8503939330947,10.010106700413177,3.013503335511181,2.993937244653603,6.964674989170507,9.988008091148195,12.564685218739394,13.738703156484366,18.26668712722605,9.930809160369511,9.729268282755418,10.262627496938924,12.057119898191605,12.770154259355976,10.13266884865019,12.587320525360736,12.051638579001228,13.754576789009926,18.37778859463256,20.07227698828845,19.945879871283847,20.1399330866235,19.373570538456782,20.118290994493588,19.49834028807787,16.8638319591666
AFG98951,4.26786425847811,9.273242298932788,4.862568316942452,4.548540009853659,4.926594725136866,9.195325353604533,12.61303963248682,13.722873531900069,18.23850474375521,10.03829457371357,9.55282623937739,9.418267915917609,11.47093812954608,11.504766934474157,9.46259182581452,11.191131631896685,10.852708554127286,13.504732680402329,17.953269041628552,19.76385396537602,19.75767366525126,20.434240053836756,19.508133499135223,20.238777163089303,20.226916712760094,18.275219901078252
AFG98962,4.142165150327889,8.087336038262105,2.29006696546124,1.2347141908531472,6.550141900911747,8.089488047658177,10.177740340080932,11.256402506066348,15.66057575726958,7.614878080602648,7.647808640312605,8.381639191706471,9.917955168908344,11.119227502151997,8.130598346448906,11.043978616321787,10.502211781584876,11.427133352419547,15.967004549421263,17.605154285713127,17.400042986647176,17.4003280579107,16.696995644091437,17.44128485614312,16.65158363016698,13.979798035529782
AAT64716,2.516990204985477,9.484678351550318,0.7907847794839532,1.766456576385202,7.131972536663364,9.347908546518434,10.92961497178635,12.273185817218618,17.114468694272475,9.521202701480748,9.52385313137746,9.549522438072472,10.976989527426728,11.913078442628333,9.346714907358448,11.83213771042118,10.970184459842905,12.303476798242832,17.315879369625417,19.1840471222583,18.874699566065683,18.697496796473075,18.25643889124904,18.73327465678511,17.896775361181813,15.088368412618792
AAT64675,3.1423814770694305,9.151053940905166,1.1444013310991905,1.4135302382138175,7.098465837319422,9.062281122061565,10.745145896695911,12.008609494764965,16.705704763757126,8.972631967214642,9.002458571534328,9.29559139441021,10.741246621059922,11.801461711272916,9.067974140481308,11.728745426357849,10.960799395415927,12.101317178841482,16.969492172211464,18.75232169161061,18.469261520036977,18.31334247328729,17.799856437820257,18.36449089425404,17.49352839122958,14.66570709351812
AAT64676,3.142172230343945,9.152031996534836,1.1444778871873234,1.414418199778613,7.098964333075448,9.063249292382991,10.74615519873996,12.009672692459509,16.706828534052935,8.973683157303581,9.003455702667544,9.296552132321892,10.742260335381689,11.802342758023244,9.068965763693065,11.729600006609116,10.961614062778995,12.102340318756491,16.97058397635859,18.753434848070462,18.470380649290945,18.31445721356664,17.80099122795331,18.365604437079263,17.49462301959134,14.666717601261889
AAT64677,2.766692375121954,8.724898763227584,1.098884281894417,1.0132217923225806,6.440200081371559,8.625167116272419,10.550364614617532,11.804281428938337,16.52237011472291,8.720813970593175,8.68628988520302,8.854623221164191,10.384291483135335,11.327201033803936,8.65731542960623,11.229241011291766,10.498169242059518,11.847020717266917,16.701212728923043,18.51261139540602,18.25832661953679,18.22034380421096,17.6568812751757,18.23073456755675,17.504750976406054,14.846744162327308
AAT64678,3.317666114724469,9.421241948426076,1.4429127810400737,1.708044441922202,7.262983903677874,9.34963291312088,11.128035793467692,12.376651685741306,17.033833247700915,9.19455331300044,9.204094445967588,9.593723138718849,11.08144710629652,12.122081942000037,9.37285475193217,12.037689815754396,11.300396563833184,12.47362966461142,17.30122029421331,19.05638002718577,18.79263265116885,18.660347396603065,18.115157973350268,18.71291934076514,17.835824868088878,14.982439371448155
AAT64679,2.8345944244211427,9.525325337177351,1.018066676307866,1.7668602922597934,7.250193275321221,9.411567774041927,11.0374898909821,12.3512862442929,17.130578304016396,9.456898583594173,9.467304508723783,9.628148554579534,11.069767710398578,12.051762461875766,9.416508117664709,11.971656345876388,11.14773578868306,12.408881296673364,17.362802793194767,19.190477317064044,18.89356256472305,18.718751238139397,18.2481879808216,18.76461014471522,17.8980603306418,15.053411531072111
AAT64693,3.839567440017968,10.107186780490276,2.4103816310471737,2.6045723372652003,7.575574582671189,10.076212845015908,12.193070192138196,13.401638291937974,17.961834510386876,9.827003088732932,9.754266692417067,10.345461975823422,11.9730710731646,12.907693169349018,10.156163669787512,12.781310001775038,12.1400000592256,13.487994499341095,18.20187540191561,19.893576022863016,19.69488333484176,19.67585003395453,19.02533079645853,19.71505019788981,18.881837579574857,16.028870396628722
AAT64717,3.393356333409587,9.19771414310787,1.2863899888236765,1.54956609980887,7.348675550321843,9.113805144868085,10.65187897384095,11.911701544868084,16.589078683583583,8.927008820920063,9.000710288149401,9.348343396402685,10.735665093559955,11.877075802716384,9.100325769292716,11.82270931430481,11.03964849344126,12.03588642073604,16.901244691965186,18.668547608853903,18.36723828097929,18.14763652920466,17.66149456435574,18.220024609918493,17.277483490623123,14.378360692003763
AAT64692,3.4822991363249813,9.095124457605944,4.678085915311092,4.587610809113305,4.6127520877594765,8.903919230065249,11.946525517068968,13.174284197054943,17.940549111307195,10.236769142985736,9.792530386487408,9.049882880813838,10.956598028193968,10.843343895472564,9.114457348371223,10.545715600952803,9.995806821979167,12.861703157434716,17.570908906735664,19.558319126092613,19.46441950018074,20.04429763988616,19.295436554406717,19.82849027011108,19.868217575601324,18.001553423753997
AAT64702,4.003323480511936,8.756556484520871,2.4637116775821197,1.7568685894225111,6.527531137481286,8.770512054920552,11.220187737002655,12.30798326299488,16.704457312021347,8.408943567403568,8.312941809732072,9.070730793348254,10.773771333077198,11.760918018719623,8.877248998676205,11.62918468408857,11.1419062172574,12.418316354064206,16.925514673151632,18.55370562779684,18.40835539083779,18.541095394228588,17.759636130346905,18.550051389432895,17.857556472304797,15.22883864374976
AAT64680,2.901093331287417,8.821836864281872,1.4525702942385237,1.2563932385407244,6.372453190252443,8.741811449998588,10.856512824822804,12.082718801189486,16.7498690723719,8.806120271994434,8.730110066150242,8.984259213985037,10.586599788253242,11.479258820455742,8.802578550009398,11.361024467488289,10.686068545899824,12.119100651943048,16.90871311985347,18.69261749457111,18.470928228935744,18.500365114520207,17.880327750584208,18.499509941145213,17.81442431634976,15.187215882992849
AAT64718,3.5434120421680344,9.579185344429623,2.4702398306392226,2.3823507452046044,6.760501327495125,9.546302561485945,11.984219689925824,13.165351514823634,17.718393465591074,9.480220711756411,9.323578999368896,9.816063243514042,11.551978808830532,12.344236302390392,9.665122450892492,12.183970613337824,11.61339720848584,13.19817290699216,17.857779960709976,19.56826938474753,19.413381344147435,19.551108321310856,18.824315073921884,19.54048427608056,18.886693452500708,16.241599570296312
AAT64703,3.865255373022617,9.170115288578446,1.716446944951295,1.7643601531418829,7.600416869019309,9.108976970503877,10.556481228359743,11.77970852213526,16.377300362540698,8.736140792133597,8.85835938176346,9.35552845709658,10.696007327001915,11.947288088043402,9.082269064107502,11.910985826204907,11.15137307721942,11.95419449561834,16.754694837050636,18.4741987648702,18.167611819317,17.900894819657804,17.41121447509023,17.997708614897096,16.97944865892534,14.01020033417131
AAT64681,4.546570313583249,5.935241035030849,5.081043510007549,4.194906730409788,1.8227671258683984,5.769344787317043,9.463635545584566,10.441389185402928,14.91384348018344,7.326805562207456,6.837246427486939,5.947042266727001,8.007400360316415,8.00582192215695,6.029668634135474,7.708732164403598,7.470668369534151,10.159656915437752,14.50600927860194,16.421816484698848,16.386460627823126,17.191525825734168,16.266604539663618,16.92370929770047,17.218518754527235,15.821294094317183
AAT64682,5.979087050185666,3.797551950261698,5.434192945152504,4.072649848378272,3.5850190324298565,3.83130123875776,7.554412960616855,8.23945839305554,12.338465887918463,4.318325963815377,4.073349093789745,4.177427089163254,6.132545958691628,7.10401668479312,4.01357398881836,6.969088225019052,6.962117372123479,8.26293550731121,12.264712221515785,13.957945628344572,13.90721488194517,14.587568126075189,13.540893508014872,14.409900429990286,14.480278097561268,13.05080192368934
AAT64683,5.068931816487121,5.747144125084229,5.689975011095365,4.804996264511483,1.245165313125093,5.572754415315756,9.477718875076013,10.399088333627038,14.792273969179004,7.344983183615173,6.796000801090375,5.733772957907815,7.842194353920623,7.665736136840455,5.869668582627454,7.3332752175060625,7.1960893020832,10.071474923876693,14.29818010550718,16.219792405135152,16.21710487208097,17.139672966285502,16.16886229204719,16.833682217734015,17.268887012258794,16.04285553460516
AAT64684,4.870992585155169,5.6497784214633695,5.409761964664473,4.494960541001616,1.453430631097406,5.4786481454508165,9.301406834715062,10.238824058871945,14.662995177284254,7.159689693573767,6.64464331972387,5.650244328859407,7.739572815283391,7.675636751849054,5.75644127939548,7.365689309524213,7.188283271300328,9.93892650739745,14.21614228516278,16.133828964313306,16.11316054455362,16.97852014074094,16.027280147304808,16.691296485718244,17.06174589404655,15.769948534033531
AAT64685,4.808190950428798,5.628931569498174,5.3122590689132405,4.384285152065378,1.5404996196247258,5.461614555862269,9.259405207572758,10.200838644259708,14.631404882680974,7.099084368912216,6.595054250573269,5.638438263087434,7.722490867496239,7.699584023312844,5.733715672343006,7.397077488904718,7.209279776062331,9.912283470176064,14.202353613612557,16.11560864984451,16.090180294008807,16.936942011514372,15.989902096445316,16.656666763219008,17.003255960169312,15.68601020889312
AAT64720,3.862938341808394,6.007893098479245,4.198202340542507,3.287202836432908,2.640657124193089,5.832309384797151,9.110603933946528,10.170685628459449,14.773896886683849,7.151332859150912,6.7830650584989325,6.017553941689483,7.950046383758536,8.223890437563389,6.0173498756803125,7.9913720458995074,7.589054132925223,9.954580470185864,14.493439822884568,16.422134216961194,16.318761395180715,16.924781233956793,16.098621894078743,16.71351096542639,16.804434423832227,15.184819684886072
AAT64686,4.560409932969352,5.566106874654607,4.946295750898692,3.9797219378097553,1.8976474026218728,5.403182407248767,9.063235357634534,10.028619921138056,14.500355446187598,6.906355500015389,6.4525393221644585,5.592037715893619,7.637211954508956,7.760495655249008,5.646230854917132,7.488097351820875,7.24392321658507,9.77726939159088,14.134544442008986,16.04261844446832,15.99223264545376,16.759108382655043,15.84178023947727,16.504571549472676,16.761517347043647,15.350761007293665
AAT64727,9.155403693761146,0.8550774066334315,9.0498096129913,7.8112746677739455,4.451495520197863,1.0532375275851564,6.644678128132072,6.632056643000621,9.860182506413189,3.7958489083171103,3.280335224357801,1.419068428477005,3.7356621278101994,4.141986255321768,1.6891865793074363,3.9293500860455097,4.990326921377779,6.459892115124318,9.290447224284984,11.00473002138339,11.137489723186542,12.58608827063448,11.206066686321789,12.165952149334675,13.189159617644522,13.103609234694192
AAT64728,9.474410419930326,0.895406135572264,9.339449285993284,8.08089068981711,4.694633436973425,1.2489079375320356,6.7937827740618735,6.686952032197439,9.71342112030451,3.70269693311836,3.1536720807786223,1.607975274725512,3.806880986516461,4.214544003482914,1.8671130498988575,3.9995633617407247,5.184282865733719,6.5382669830427655,9.133595991389232,10.783550436243122,10.959084066006374,12.495185796213487,11.038660984140806,12.063364681439772,13.144172121706749,13.143102032894276
AAT64748,10.50068768565316,5.306361383127983,10.33077009504859,9.641032260239154,8.847636856290393,4.844865832636451,0.966457322743708,1.4888274002677089,7.109945480396881,6.688277551029215,7.187970425598428,4.515914738168313,2.486419667712988,4.600835929849233,4.217575160459141,5.136090620831768,4.349708295175034,1.3005680001222608,6.997442312599873,9.548120397780156,8.770385933315762,8.53566291247034,8.666072971437455,8.308520537272427,8.708153405853157,8.76162657221855
AAT64773,11.999232608605844,5.945087583495707,11.459695066723391,10.640141666432338,10.262942033601352,5.747182144106123,2.675229069235698,1.322839256069685,5.342272229753895,6.305036706182634,7.028950154888102,5.572909957904419,3.659745468534544,6.141075883211301,5.186781070952185,6.65693941016293,6.429047564922284,2.4702531943529444,5.864052048430089,8.00861610081343,7.181498597814663,6.735959630609721,6.690126535086924,6.646234755054192,6.771880572271068,7.10043977077932
AAT64819,17.08418759708454,9.018035678091175,16.871764623048907,15.903657244502432,13.61781524772548,8.93565215129022,7.61442822423911,5.836554123511551,2.9193627272056237,9.930130003517098,10.276477834864316,8.677946915359918,6.745553285374766,7.442464726173521,8.633776029735758,7.882282736778815,8.710738513979905,5.909061319535659,0.8118561583964577,3.5853711319612884,2.8910205701252565,5.249810294123323,4.38829239253481,4.257286270784451,7.605165608889781,11.021684075836797
AAT64826,16.801496625784573,9.32170850910247,15.98899069544624,14.98014872201682,14.30928608408373,9.444692228076203,7.763323596138271,5.9806572313841375,2.021856551395897,8.644740491557027,9.378447183145491,9.39492373664162,7.76282411518345,9.759264253053178,9.097120795694993,10.209080447134882,10.771653575616256,6.881546195079099,4.191000599272385,4.274957118092842,3.4891832898779698,3.5848337789245344,1.8680805782879517,3.599459389068809,4.56084523304911,7.400598134352419
AAT64725,9.724446844229956,0.8415068125206125,9.60877387014766,8.38530465456443,5.088289781888376,1.0360227294707662,6.383888775912873,6.20925081913482,9.23978340965083,3.836171477590453,3.40656411515291,1.2773301183559975,3.299285218648781,3.7652299654726336,1.5695494531676308,3.59773936710627,4.827193663753133,6.038503025377158,8.622107830202136,10.346753548451558,10.484022396828909,12.011848790870882,10.602608599784354,11.563834310941944,12.710048540340996,12.838810419850043
AFH00747,12.566530974513212,4.150730209393837,12.356977460308933,11.287570499446629,8.835693937440817,4.064871345115265,4.965982458058981,3.704638273792404,5.507988410852451,5.623323818438947,5.8209822351739895,3.8443340078190498,2.39387635511438,3.7229001488977898,3.799918571675833,4.0768468163432505,5.165995060534764,3.666124237454604,4.728532646225284,6.850691235007694,6.716445286701772,8.301605223173823,7.064421553934836,7.734821180921608,9.453766642632376,10.785432550428538
AFG72085,11.078376004783443,3.7991976107548298,11.480651278171583,10.474020872167731,6.155311649978056,3.459074898894256,6.852908307987093,6.651538649661648,9.536383449221017,6.825102834359179,6.41673577289833,3.1225420684469074,3.699056910488842,1.808970784905459,3.611440291242013,1.304710706410491,3.437754344587037,5.999001158611087,8.251014748035244,10.36532917382372,10.456097750457385,12.27117388392771,11.121810049600512,11.616347277947266,13.443122769702404,14.31637117371105
AAB69830,9.526149463532414,4.000621965390423,9.470532819731703,8.689194388180642,7.341647369415585,3.4488534185796604,2.2414450209799264,2.793306129226293,7.940074178842924,5.888587847490558,6.211592389364475,3.080276300967986,1.4832982811756965,3.528052166287746,2.827662122521005,3.968438783787595,3.296061270795076,2.399950717173761,7.597678057948253,10.07145045432357,9.518198823427952,9.771311204226825,9.51418181095945,9.467272327533124,10.076974427969091,10.008458868567129
AFG99127,9.235930766712,1.416389955860876,8.653364616643744,7.31736847568595,5.560378566934084,1.9910429505505496,6.44435868731372,6.3134425244159855,9.298775370622948,1.825837402777464,1.6543192604455546,2.4837116426955697,4.130687228066876,5.576812705918589,2.226943423780054,5.539042307126532,6.306596907669587,6.503843787085798,9.200273081368998,10.643633966339811,10.742154856803106,11.900979902925052,10.44732092446203,11.629446138741068,12.19171867553684,11.712172405118562
AAT64689,8.780410238125627,1.1881539431117112,8.277577145688634,6.9852729173748696,5.216836669598941,1.588820926504665,6.068517798375751,6.085404459495034,9.433298573306466,2.326694201968176,2.211356089809521,2.06996316924438,3.817315711103673,5.241547984468693,1.7771403417120817,5.211384473589714,5.828101962696094,6.208648743412977,9.289341807299266,10.882768220755958,10.908890443275151,11.958250376858397,10.648060289103103,11.68563770336736,12.219722871569411,11.674249749966997
AAT64690,8.618850144499893,1.6444891858422748,8.019914424821351,6.685036268731605,5.178642814862145,2.0734900166194192,6.426472612212439,6.477848718917562,9.765455664331869,2.0472446592745857,1.906583548950228,2.565193520839235,4.321538629410615,5.754249613150599,2.2813654331767697,5.709117986921684,6.293414239040261,6.6496597235155885,9.698069713992671,11.206877021215483,11.254813614954344,12.270843527302604,10.925144435794296,12.028742518562042,12.45445615351418,11.752133482979204
AAT64691,9.470271071416011,1.5690855176485092,8.852357127524053,7.510932999755607,5.815883904452121,2.164021912104674,6.479786932849738,6.277408781283801,9.119484349791916,1.6269613780497398,1.5165539848981957,2.6417125050913435,4.170408190223949,5.67862007252777,2.376072147420831,5.654213329789439,6.460016698513679,6.505434508663841,9.053638342437322,10.44496720025242,10.558566119017897,11.73907314981142,10.242437901072444,11.471596380617829,12.0368999677535,11.595619897502726
AFH00714,10.660134716224436,2.9743170267175385,10.011091773303797,8.556595480276224,6.233202632324401,3.702868370460021,8.55229131325507,8.141786308718272,10.011293638442842,2.218025054909401,1.2577741970311629,4.191602361889591,5.914282474445047,6.908088774599256,4.145844375292569,6.745793509826672,8.003439905391545,8.365084261356733,9.858553057025745,10.774156569911993,11.21164268781972,12.914422073868948,10.955610070335744,12.589841890963976,13.40943552571321,13.200781030197634
AFG99160,10.708368141079614,3.392261883211655,10.456245250921697,9.053716377208868,5.242080713963482,3.9483298317552338,9.445492946430416,9.157059661605972,11.201598998094436,4.302696555664786,3.300209055456844,4.339154693900596,6.407027761174756,6.499994390104993,4.559470718836998,6.15263779238372,7.671514790374397,9.108556292899983,10.623716088641444,11.693466576490344,12.22313182871403,14.249293355647316,12.295921077222156,13.792367232881505,15.011391359426014,15.067811491585992
AFM72076,11.76092106613636,2.9867170561800043,11.637231463647629,10.326830530626568,6.40480677881239,3.388523034885159,8.257812155215563,7.660596319525037,9.296145821597436,4.720397813819495,4.060433273570001,3.560179875617126,4.936625634524716,4.828038201983954,3.857972973290954,4.552221467888545,6.423511891536395,7.52080120300833,8.44570095707712,9.687373774947378,10.188336753694369,12.42562420335266,10.516669981305329,11.85878412922235,13.502950881452012,14.211157619406668
AFH00736,12.056922021130417,3.248419694914379,11.866974041912671,10.729579180775556,7.940319278627778,3.2498870748528024,5.526505899513011,4.535398162506889,6.457981515487553,4.97069974152444,4.999576134038071,3.0928822633796678,2.4408272313243824,3.4557653363980165,3.131837068051373,3.654918555996356,5.046303621681646,4.44886089383684,5.667649682556907,7.54568696109692,7.599595470319025,9.35672807837856,7.921397253344804,8.800276472581642,10.449277276650063,11.526228591049817
AAT64731,9.864573180204236,3.4447163929698097,10.140069308930135,9.274054978139636,6.340827089997295,2.804202662225105,4.352911403016162,4.526458349167982,8.702007696488392,6.283763947207318,6.232581244577815,2.273279541784408,1.6883175532650692,1.3719778031471677,2.4744028497995982,1.6934258509495654,1.886801591707608,3.819686800669431,7.807063374816002,10.264117413361724,9.97748668188921,10.983233419280108,10.35421466693582,10.481493633898683,11.75383738470382,12.181862838009195
AFG99314,9.972055413298593,3.58841596970363,10.262829898293676,9.408039255142716,6.464509249821472,2.9537977994913653,4.340685047284332,4.501297376670427,8.66501684496349,6.418123880201275,6.371663096506406,2.423447033649262,1.7231801148787402,1.2745882511495978,2.6236921085980027,1.6400112023705635,1.8075441419478149,3.763936386771576,7.743596433014633,10.22515978806018,9.92740010480801,10.932742823257463,10.327735199266828,10.42232029376139,11.72556067383992,12.199580128814809
AFG72107,9.856407219677438,3.696002748872551,10.192776561046989,9.358531346969825,6.36724513467057,3.043362037775437,4.42031974673729,4.658709243714094,8.880615679226885,6.565690845165004,6.502686842137157,2.5111024950191183,1.9335276628045772,1.256159735568493,2.7283048975365958,1.5881026108663634,1.595431028827757,3.892774872413874,7.943973863013921,10.440906166881364,10.137604829343328,11.124065277225068,10.54872633240588,10.613312538725728,11.90721161280518,12.348867164219866
AAT64730,9.79056882197476,3.4478247160736286,10.183045920228365,9.300542877736218,5.834575632407526,2.820690485772373,5.189404528777172,5.38522174788079,9.341168083202309,6.503507386072109,6.311775643871401,2.312926282302504,2.466264670948676,1.1375468819179155,2.671630395191414,1.1169846021213852,1.86177170520938,4.662674538758902,8.328159651515074,10.719815089175212,10.53166849580576,11.729342571498185,10.986448903517363,11.190087006754146,12.576168875682754,13.024853585214451
AAT64732,9.532832562273711,3.4086356654776666,9.852063984383264,9.000210130741864,6.017620631344909,2.733593067447985,4.482806105708008,4.786094693992759,9.06459434601206,6.311028570290878,6.229955689197332,2.2028657189231997,1.9624679041507649,1.5177380610902755,2.4286492661097823,1.7348263314454937,1.7398421512638862,4.080344188523055,8.186172093489864,10.632887633738491,10.352036163807158,11.327637539378491,10.71001704269211,10.838264777011236,12.051294584268367,12.365294618571498
AFG99490,11.08160906449764,4.579671406306561,10.60666018623719,9.700022324273885,8.939790619543627,4.372439914096344,2.652021728765122,1.742792502815185,6.017634608164023,5.240989573028854,5.866501769106917,4.208287471459473,2.4812376164253966,5.111527086570465,3.81629918653266,5.570518612187844,5.499232150660624,2.4418288393704,6.2152202138853525,8.36133916828143,7.766093160880973,7.875304448126869,7.425804225914262,7.680248213570216,8.081068154084566,8.237364374781725
AFG99248,10.025768134441014,5.498843168506058,10.7979269162933,10.16173482554956,6.644472096804929,4.830332912115441,5.751909392729716,6.28738278569156,10.523935867948058,8.55276682743586,8.370636674650601,4.329190102189329,4.042022477573476,2.0482501985727004,4.643457671795943,2.0649140459604984,0.960227457100277,5.288799228902069,9.315054516310418,11.95847517370838,11.619730513565829,12.596284863671055,12.258569012487188,12.019074379284032,13.487546430486448,14.018881498482024
AAB66732,13.194625789225505,4.831076104228925,13.352650664974576,12.283682007713733,8.50092964750405,4.689602557854583,6.884081751479498,5.990661655034618,7.407174124045912,7.141657853884442,6.9345938801460845,4.400676301677186,3.832538832758412,2.896136745018788,4.693672853582132,2.9418319094871097,4.865994814403926,5.496285168347299,5.892604132324257,7.90548503309144,8.079915513786377,10.318267697854225,8.960290769978903,9.558711286872024,11.861218230720812,13.50083483226249
AAT64733,11.959117672155203,4.576845624574316,12.250974268740189,11.32723433257191,7.861265115201952,4.166438198778538,5.486543075347322,4.991023646838369,7.8140207831254545,7.250536897921003,7.144655839254913,3.7194256900235656,2.701406692264428,1.2587175976903644,3.9915901345292175,1.6220625965864917,3.0725758785926702,4.239013084586265,6.459964356742342,8.914721749884384,8.755305637490817,10.332111310706622,9.504002986182543,9.652481524245864,11.60410926060134,12.870703008719415
AAT64744,9.958111606397022,3.817294356985542,10.342611483362504,9.511249370197437,6.345305780810641,3.173419187277452,4.683234599457201,4.903856660055702,9.026069790503136,6.748608589825037,6.647770565045697,2.6441466971280523,2.185235912359432,1.021841920792045,2.9069892278011853,1.3207016449986568,1.492660838314293,4.110297348215737,8.023990437493389,10.521616414049165,10.241362852079051,11.29632144561281,10.701730736843077,10.763874865005407,12.12964124367405,12.629521733563344
AFG72283,10.44027913124242,4.616670615210196,10.188131224789297,9.39309298015223,8.460208577336532,4.2138989612209015,1.6894165045805103,1.6058831638430626,6.863824706663689,5.91873610420855,6.41713629549503,3.9254568518380566,1.9508140293586744,4.382456286873224,3.594982700327619,4.880960323101506,4.4080797724740215,1.6831678644742405,6.772219081011534,9.196257635834748,8.535245948357995,8.557394792469196,8.392619174975662,8.312976936512552,8.791658133564278,8.864358048091011
AAT64751,9.786328979376725,2.8480570518395023,9.932942327936605,8.997076330794167,6.193987821739371,2.2339960375041725,4.323539022536323,4.388310516121312,8.45784812199251,5.628147975715611,5.5942736368782935,1.7152238425547892,1.3294430833200557,1.82754073624274,1.87376852931796,2.073633923390424,2.5172702387355343,3.839255236675293,7.67433816128349,10.019532959531553,9.778546761270553,10.819607356003289,10.063102235780862,10.345421640441469,11.540292866615424,11.888710222054886
AAT64754,9.992361572591662,5.164402365081473,9.73906181118599,9.05427812849244,8.598174752290236,4.719714512748766,0.9663545491066868,1.9019209236917567,7.478507427018648,6.364946990413463,6.906065124666656,4.4402043834971225,2.7076601695221933,4.950606228507152,4.0839016252076,5.443483628306836,4.606852269403187,1.9781230910266685,7.505978249009999,9.954544023695142,9.198583087467023,8.866900470949275,8.966624751715397,8.705600676803806,8.851857640219231,8.535279620014032
AAT64792,11.289564304095578,4.878363190232633,10.792365930638434,9.90202334256494,9.239760331867068,4.679584614793486,2.6319008154033643,1.5888034955681196,5.831405790508959,5.440343379405425,6.095652980470859,4.516759398832433,2.7465350973766696,5.349213760236489,4.12471982057871,5.8217341960548765,5.721082288427241,2.4180592269477144,6.10687479820616,8.24763191573628,7.605595892727506,7.606966069600133,7.22593545461163,7.434402628153225,7.777637594280457,7.966111022660468
AAT64789,10.349571339088635,4.9945114056048,9.980813306380824,9.21969484067454,8.773885617606842,4.63402728944681,1.471774487434626,1.617892637012355,6.947001615082932,5.940901276742144,6.538630829835915,4.402439563067074,2.6501227060181463,5.1178966492543285,4.011601755404007,5.604330555471688,5.026468151108885,2.0503551970177227,7.087657311515514,9.42506160722948,8.701334199609658,8.434820519878862,8.391898959631352,8.286962695494895,8.431777487672457,8.199462614682512
AAT64768,9.556673324625462,5.765139433681934,9.274529303506604,8.705916871886485,8.798687818744511,5.307384265480134,1.0062554539465476,2.579130178951076,8.168436466174661,6.80742344636034,7.388934330715116,5.054513683883711,3.575219425839327,5.683004003268302,4.676256439941286,6.1561746178389125,5.060203280060121,2.6955403612894706,8.32367569303245,10.75664204530756,9.931098988427763,9.284349656902483,9.596464507017664,9.21114125771605,9.00558797719482,8.237661831741212
AAT64770,9.952148010794524,5.018809168315792,9.506398780624162,8.759173606308861,8.650129438082603,4.676280935492637,1.6596493050879777,2.1367025863501943,7.347118328976849,5.774138727974267,6.412933927761437,4.490209855366981,3.0178618330842903,5.49919273707834,4.057919531381795,5.954329696988708,5.307410179689015,2.6132989740786723,7.598784039279108,9.85469624636002,9.139284072293693,8.760620912233255,8.726192189844307,8.67212415182399,8.584386595869551,8.007595121807885
AAT64795,8.668331438253785,5.546740955150328,8.630895162211171,8.13020314102834,7.938550560373189,4.978995007857431,1.7501067300499542,3.473304774629635,9.136872303357569,7.0557463689574496,7.488131867877942,4.674557055574702,3.5177728008539986,5.154309090635741,4.374420909538899,5.574054950855689,4.174395019691767,3.1835227574617044,9.045217112377967,11.582618449244768,10.825181848522142,10.389359985281528,10.643768850907982,10.24292164629249,10.232161539817811,9.44515826621146
AAT64741,10.65448684410478,6.653352315826674,10.793017101800098,10.321365480952824,9.440219707016407,6.0683851325093165,1.5873813434682262,2.784954702074214,8.196002391698064,8.425600786095256,8.8395140474368,5.649699121960468,3.698464267690413,4.865315322850648,5.465994857823893,5.423835767187609,4.0099078219599695,1.9750672420989452,7.839554821477381,10.635219583843552,9.71516215130212,9.219359609966313,9.824001710296482,8.95665155241796,9.425980380834211,9.569271399991925
AAT64774,11.827577453693513,6.103849010368022,11.382089104647797,10.627244456923025,10.2259401918132,5.8290010134169,2.099638892361802,0.8179899495551899,5.67697001572794,6.720707673737808,7.404632747208978,5.6045830164936445,3.5629677968910447,5.938589794747984,5.239440449566552,6.480273528221188,6.067762844380028,1.9587293442680236,6.054575439765964,8.367015195814815,7.474989565355576,6.912351846863699,7.092182230855665,6.8027095719720565,6.951331893534536,7.261476866158032
AFG72096,12.034834003220103,5.280487838713047,11.718031088450765,10.853650563801017,9.648308374728602,5.016360914725697,2.722886303450864,1.0908418985094996,5.255019189432045,6.306220654521916,6.839696563045645,4.751529444257017,2.533016655858176,4.781016002098942,4.478400982140896,5.316235912062601,5.30125437633421,1.6141083552680922,5.173584199679406,7.604808930287186,6.90285922759893,7.123231538071727,6.834687434987803,6.798823012036727,7.693229736297449,8.561612717150016
AAT64746,10.58961344170467,3.363340385573115,10.506533452408677,9.565188656974296,7.46100340872475,2.940694134858586,3.414030446227145,3.015534037693215,7.071279551294761,5.422323807718131,5.639281688917766,2.5644214371756093,0.2272430816926379,2.7835298589253576,2.4344031267573163,3.216437955907661,3.50442295733071,2.6791256267428176,6.49799924637867,8.866584944905595,8.503774535340774,9.353517278511111,8.667689065663012,8.922464028326646,10.037978646417905,10.552337175169614
AAT64740,10.609397324941432,5.061278728983658,11.357951982651084,10.465698903086396,5.424779307461589,4.67852628938357,8.215403200891267,8.365058837997912,11.599723610287832,8.182446209398368,7.623756332892514,4.393033776047575,5.40445541565084,3.172474026722579,4.92105588847018,2.559565386307402,3.8869979799813454,7.594405804526723,10.234911922861814,12.374714815474558,12.479911699606356,14.256322308098609,13.205171982197111,13.592955412481752,15.385820307875576,16.044044535411103
AAT64745,9.265667182404345,2.699813319018734,9.31235194560644,8.386440992575512,6.087251663765699,2.057951431448744,3.8538821982820872,4.104328535480716,8.514854250503825,5.254584437711315,5.318702150703161,1.5928240495773602,1.2489007714674851,2.577527171846321,1.53307871116586,2.829415711226952,2.8331525909530098,3.675938677484169,7.93325112467191,10.25277494176109,9.950813799029772,10.757804048507868,10.080881066034395,10.359138119568662,11.284649542268845,11.344288978298287
AAT64749,14.466476149114238,7.376659858259562,14.755236614741628,13.93946982685934,10.87705788300811,7.004636494394655,6.122676913491677,5.184647841477818,6.651648920378027,9.576564145446923,9.664208822794423,6.5652426282917125,4.728867871067558,4.035082529872535,6.708762329433611,4.478925514101534,5.067172365651645,4.398776327965498,4.88521484379132,7.6793995169797,7.214631017884816,8.69139947958949,8.389766062414944,7.858076851607127,10.41345620449232,12.65638291648609
AAT64805,16.321410261070834,8.893969109118476,16.457536035613476,15.61409933077441,12.825603760022526,8.621888411012565,7.171047900214628,5.844633205679706,5.469413309951626,10.626679378493757,10.82595563822476,8.23683691472136,6.240743981172464,6.074434386171616,8.308438418525842,6.520498456644336,7.132563535374456,5.364977156151272,3.5110924538106896,6.23756827281546,5.624588252829005,7.255781695468783,7.079987254639514,6.303345061525111,9.368863561844243,12.361773849246788
AAT64804,19.310559232383525,11.744270483898568,19.275325526303,18.42737110726078,16.02297467677349,11.562302306880431,9.49391141032397,7.948475193769763,5.187656335940831,12.923252071914916,13.255204719807702,11.23169863916516,9.145829472101344,9.385667200767465,11.22920760272272,9.839876776366212,10.40105548302763,7.810710876273857,3.72398713584017,5.332909797320635,4.428447055838115,5.8936746654752605,6.184062632070347,4.842905970064929,8.515240042089633,12.54851835069369
AAT64811,16.649975429115052,8.489265427702255,16.479831705875256,15.495782473159103,13.036192762213927,8.403257946407795,7.400099115654773,5.659263402683843,3.3181064359304795,9.537697475415175,9.831537082904449,8.139789089696018,6.272837001449965,6.846047736157054,8.123961197717188,7.266113221908035,8.188153069742787,5.654164120917742,1.135606256416448,3.886137904765221,3.418197922529243,5.8471738577745205,4.847036770498887,4.88458424845919,8.099898426614384,11.30224744564055
AAT64812,11.14338696354079,6.1206289422199465,11.307912576837316,10.711943895974862,9.217561418456878,5.551934478924054,2.138960875552742,2.534698392279955,7.563352635653334,8.091341918318417,8.430562894651795,5.099448366352999,2.948170805476268,3.91890837570494,4.984515404000482,4.514644765678768,3.441026801153213,1.4104132741742987,6.963487168318446,9.79833707812732,8.978691315575212,8.924462618065547,9.262225933701616,8.53757559226915,9.467621229260011,10.080415449886653
AAT64810,11.121474249125331,5.390924373589615,10.749369993172218,9.977977049587636,9.394522307212224,5.066215682803279,1.6609192449987198,0.8946759744746682,6.2316155348798645,6.273052037300439,6.88900022448586,4.821487551676008,2.8168872657844464,5.243517704243972,4.461414079015162,5.767383853342247,5.316248555166877,1.6500282886954438,6.396017444974711,8.76597182867835,7.982879276045123,7.691758484801464,7.701612419687944,7.522753153179208,7.8035014436045635,7.943234637931027
AAT64830,19.28016805980105,11.34324888297914,19.168569673159904,18.24659400155982,15.769903647081009,11.22878042921096,9.610528310290888,7.942278560371247,4.565514132398278,12.366228874237011,12.680780445465029,10.937587239346575,8.97097656892246,9.29120126203887,10.935285483412477,9.714480284317316,10.484132758828842,7.895483227537056,2.992490896572217,4.266577052341841,3.570357503998447,5.770050069775311,5.478266321442707,4.680646505345169,8.483473325557997,12.527363886142652
AAT64820,16.452710543466022,8.020686882501597,16.061862517340156,14.993394625379503,12.875278156462306,8.069631356446019,7.461025795406076,5.587801588050104,2.197603225097771,8.491619866435418,8.867586872421043,7.908574888109351,6.250038072067307,7.34072210270491,7.817885560269435,7.73091430555109,8.75824938522294,5.909786605900528,1.146906870413753,2.893694230436472,2.686332548897934,5.42132062688348,3.6025577622273155,4.621982596747758,7.467771189208125,10.480710630713729
AAT64822,17.010787558784447,8.678451678681721,16.588796405572594,15.53704067044013,13.551729843186312,8.72494969306675,7.81353050117514,5.916054211417917,1.7047309456618671,9.039590224470995,9.457570429231817,8.563648052072363,6.841559753514256,7.977939846185965,8.455155627855875,8.385331578836347,9.338544372771402,6.287886872312429,0.9597944545405284,2.4317571787865733,1.9849182967930443,4.85240702397637,3.030505275709245,4.025727905842359,7.03483417054006,10.313177461503605
AAT64823,16.96137133281727,8.935512038115023,16.956040251337253,16.008305774592603,13.18558898250924,8.785597723543148,7.871318983940901,6.302284695637382,4.604719234564179,10.346351589689329,10.545639536922849,8.47079236613391,6.632533265609393,6.6918329640998495,8.528374755474372,7.085512229868777,8.024792121291048,6.055687008568968,2.401878204413452,4.828168758365079,4.457905328617124,6.819266288309103,6.078682126486641,5.805192525232913,9.14299187136731,12.383811249789954
AAT64827,19.691076374851814,11.941622188929076,19.5187393343297,18.629529371476227,16.443496417476734,11.822445699416605,9.771994184178558,8.099511667110455,4.442503599772235,12.810461432819146,13.20030448059105,11.535493102838627,9.472588745293832,9.995817720810953,11.490940153219988,10.454046043368812,11.078398052612144,8.1442621984227,3.3724478396026925,4.424395313154014,3.415961735814988,5.015481464210972,5.165734743566196,3.9524259169095073,7.768271840154637,12.018805710400606
AAT64828,20.088963855539703,12.347575262650532,20.094086670639573,19.21895578438625,16.569725784649815,12.184436292171878,10.433589006268164,8.889675422842028,5.93301826870382,13.578333563067856,13.854413172111276,11.857446858473818,9.869859497035929,9.911987885183713,11.890517878301344,10.324616421873598,11.017216946933782,8.710657790554443,4.347321220370372,5.55210484850191,4.908849998568902,6.748833927189743,6.801205557294257,5.6897359021586045,9.4458090028192,13.566939820101744
AAT64829,19.890531455453097,12.229216798267103,19.737464473874027,18.867477096414856,16.695005458155357,12.094820790309688,9.925904868251369,8.286542792076258,4.748809145280491,13.131404211072695,13.525093864778052,11.798349198242256,9.707651867175615,10.201010992580638,11.754849770335792,10.665024611164638,11.240771699637005,8.310097317059327,3.719278296305595,4.7794236436282125,3.7472464433516346,5.113114165047672,5.450178240385568,4.072051390377183,7.848976874759047,12.136535807082238
AAT64843,16.508024615665693,7.91485005839863,16.255162109147886,15.177206030224664,12.591346581804158,7.938021250219832,7.777723995624625,6.003706605405282,3.370667281726035,8.757340372711544,8.998626414998645,7.7439162600689935,6.182193376790379,6.821221338800745,7.737783766835975,7.16575570451351,8.373578609924147,6.101919200858693,1.537522430764371,3.366606108969903,3.4561696302031457,6.432358044024357,4.724124247599815,5.540481577555513,8.586789280553731,11.582170234028853
AAT64849,17.98281922555005,9.913877110974749,17.909543209749202,16.957446102213417,14.287089250689414,9.798039333448983,8.633127461436969,6.977957542138739,4.292160493305171,11.097554199102095,11.349700305922235,9.5046933149365,7.628637958936273,7.845824516681081,9.531755341787491,8.246805079004078,9.145850351930468,6.853840154354566,2.1979094764911227,4.194600462112753,3.733458874101726,6.239496852066218,5.548998239477052,5.172343505091293,8.767747176701112,12.383274542196167
AAT64836,16.684862485751832,8.517025999212777,16.253862827362966,15.228684670764425,13.390325371542309,8.538384492014982,7.359357057408192,5.455067010744361,1.4017420424335565,8.877521297160479,9.336217787214435,8.3677511666587,6.561694198924077,7.814253054644229,8.235976056792502,8.247960065257498,9.091787959876704,5.864446448912758,1.027144432457599,2.869179918388949,2.1680275990906157,4.5395931276474615,2.9675359081943067,3.7490486860307146,6.631489211367533,9.841725244883882
AAT64855,18.55392723164047,9.697096485612006,18.19218327579973,17.044622974573002,14.43226758871167,9.832026819458642,9.923158088035263,8.079903213478175,3.8561899392702337,10.107217431579716,10.335552364371855,9.705224981849632,8.351383088683228,8.966030471996778,9.698120693934875,9.251608921728876,10.608646137917148,8.303650604967878,2.694843831021543,1.7840911316790973,2.864265194285357,6.707106293873563,4.382893541988569,5.812110570127561,9.116905604930777,12.587406382540635
AAT64858,16.320185236218276,8.92053660062998,15.595482951268664,14.623365875566504,13.861906383507549,8.982535412448222,7.018650097406208,5.208008124238971,1.6158740659167912,8.514081962820557,9.232593885733822,8.890764148582441,7.116363486682867,9.081645559513264,8.601756939809363,9.556682991772194,10.034348304002764,6.072262812386726,3.6796799520598538,4.382048705291636,3.402502901576475,3.3531271593885434,2.217034336669866,3.253536884193972,4.461678488073324,7.323388554608971
AAT64854,16.37100067783829,7.513642389710506,16.036172089972602,14.88777156423853,12.273102142566136,7.634947554176194,8.10954972884779,6.346267667977499,3.6673032384060367,8.11761461218646,8.32392731154307,7.508634183896938,6.230093984992948,6.966852731106298,7.499743979434015,7.249571271672534,8.63042939223217,6.536345520553531,2.3906504308011,3.313319797580779,3.809802257277966,6.9589183096760285,4.801529992388342,6.15072173887462,8.973425039876275,11.74791293856616
AAT64794,10.558037699746713,6.172897485777025,10.500606522930257,9.946976267088656,9.322082882762071,5.653372978480983,0.6240262796327893,1.9978078607152283,7.633764518786036,7.648863557752673,8.141675945717088,5.289779314033559,3.302690162411704,5.012755502377429,5.026720397849557,5.566813559834356,4.417641840927693,1.5349698132314595,7.489233353924392,10.157072808525855,9.260146110792114,8.73122208906197,9.203124203642494,8.527978894221679,8.817049148289513,8.80706991155429
AAT64788,10.61894455306225,5.906095107466761,10.259038315386844,9.60931480861376,9.483595631373344,5.521510494880544,0.94360408049591,1.5498620718499183,7.052737599421879,6.770499533703719,7.411006952092218,5.272059241137149,3.439103007659395,5.732980821283567,4.892071855508314,6.25364343026401,5.442323826009156,2.03732170081878,7.297910505467104,9.699330031884474,8.82868983024238,8.166017261602061,8.475177295220645,8.085299406107785,7.9932584636719906,7.657937334889545
AAT64796,11.178740210454915,5.536933256500051,10.57869067423872,9.762778455662655,9.678152917436975,5.336210399123104,2.470143565083446,1.8080639239174092,6.160315559138429,5.785869954827309,6.540471133935037,5.20181605788169,3.5627651240674325,6.164506073888193,4.764046292872371,6.643124045360818,6.308989695155399,2.803858197982985,6.69970683583168,8.767738773560382,8.013527362436594,7.547919489577016,7.439734306041613,7.510904114743022,7.366955315059463,7.113342585501906
AAT64859,17.322378057086752,9.61648996579547,16.447121951261963,15.378756151477644,14.646660660023889,9.811546052549009,8.61468713772007,6.831993271213627,2.5628171836793623,8.715203510676762,9.423082715133418,9.805168879502702,8.352990620459929,10.309241165463462,9.517744369850638,10.720087519717728,11.436968894655957,7.726751277665594,4.60554464141546,4.016487668499271,3.5952329553795632,4.261322490587721,1.8222923962988509,4.265012812499736,5.245240473516232,7.993787512561069
AAT64871,17.1603930449313,9.451921169711287,16.316762860783516,15.258347312205684,14.480157600947864,9.628183360672107,8.35542743628503,6.558179116489673,2.271095962384779,8.645607808847183,9.34824152387996,9.607642353002966,8.107289432747278,10.049225315506574,9.324276440978926,10.467879576112216,11.16671660078304,7.439311730725365,4.333178561918669,3.920992934357191,3.4175017229104503,4.091674829930216,1.7120489310789653,4.054149756566496,5.153977634441947,7.953568033080677
AAT64867,16.61615631914917,9.419210252947048,15.99808917890926,15.096384435725254,14.263937643216416,9.398294448059175,6.869504262768566,5.07211509303156,1.5491021066106023,9.32419547582673,10.02106992284581,9.244237795216677,7.254896902781313,9.075653361544148,8.976843170241436,9.59064734833361,9.928227146692883,5.829284373193008,3.384301845027373,4.542199532534481,3.2080623325778594,2.5143244768885804,2.473825313609887,2.293779091158891,4.025249950092751,7.381520723433358
AFG72625,17.80418571622014,10.780815261063845,17.399027153805687,16.58854885434063,15.426729561706129,10.651287241661544,7.595078479294878,5.926504365396982,2.7725806802015547,11.1886879396418,11.803508960280224,10.403314103077523,8.182958487225267,9.536740861691817,10.20705391801778,10.08508687768476,10.293733882699106,6.34777799791256,3.397739166045513,4.953269790859117,3.3036137407659822,2.1791196119702896,3.65056287863645,1.343174009429154,4.550958222110426,8.602609653526926
AAT64863,15.929402139284726,7.756866598649787,15.450996424104169,14.407192537648593,12.681305191823387,7.801167597782247,6.80483208390999,4.897919493239597,1.6386711874674529,8.016492285439467,8.500357798023307,7.656471132419835,5.918709411334272,7.366550275000944,7.497420953370245,7.793900108210245,8.636574097632927,5.391869008354185,1.7440404683623196,3.4055145290593445,2.886772775671207,4.872760326987513,3.207535614720109,4.222883068236701,6.644984676380475,9.452260582584936
AAT64865,17.97781172055546,11.226434125612656,17.57256482379732,16.809258528928712,15.81036061302552,11.072370748326264,7.695769663425889,6.123983030053645,3.3853432669224874,11.62863620233916,12.271865715279278,10.815079813417755,8.549949135876584,9.932698506711,10.604739690502148,10.496818706180118,10.578693557225684,6.5473150761629775,4.077134324534298,5.589183081706976,3.920291081517295,2.0229532114906594,4.12290837284823,1.443595529242605,4.220150880368892,8.349128026821
AAT64872,16.583226774226944,10.43172984201788,15.997674086424256,15.275034862877892,14.979609117450694,10.293309189280194,6.524684336919401,5.087501787667887,3.69403386523572,10.462050322225815,11.235198235248246,10.088176613758108,7.90636837713095,9.789531273286938,9.78032715294775,10.365806822254212,10.235271953580408,5.825524565109015,5.083368890235128,6.574108779652062,5.042156944150929,2.305930788385882,4.356839035633887,2.6379439682529733,2.729670166735421,6.1489911959378425
AAT64870,18.120195424724937,11.118665673143507,17.58862277135568,16.760338237356976,15.86878396558232,11.04052879218972,8.018020078932606,6.334966852180936,2.638551160311024,11.21687994674464,11.89281299172266,10.83543932274189,8.69210312514813,10.25181943271502,10.599895797509635,10.793192524458368,11.02111400460856,6.919193261482055,3.928227855251267,4.903551019275871,3.248924892544279,1.1446193719238404,3.026532695295838,0.5229279258447477,3.693603348228264,7.982579306925254
AAT64876,18.64670635749863,13.553565703211568,17.804753592934134,17.226260836417048,17.963627291691516,13.452172810946136,9.281010380862158,8.272675111468338,6.851556910901573,13.011742459955515,13.92748257512612,13.30494981349548,11.267664449426016,13.373570995063476,12.920110683830442,13.95343312730732,13.598204033200606,9.122789751542676,8.633396925314544,9.334597965741384,7.856760803075102,4.052221300945336,6.610891451572349,5.080599561422817,1.5258835704762788,4.565593846198902
AFG72823,17.189400141069594,13.936953638730392,16.08364735727595,15.707491498041836,17.76508483575014,13.836643948936064,9.584731029956842,9.225225684750574,9.67993668494872,12.96003813178372,13.976214637200616,13.7652168764528,12.09774705435815,14.516311248479685,13.28955791267473,15.065089747246429,14.3736099750931,10.17713237323809,11.521384184202494,12.41960503062584,11.111283508592669,7.71807077459813,9.59098392762854,8.682146698960137,4.925772096552008,1.8498859405798025
AAT64707,17.051024335584827,12.73616890459294,15.934171661065829,15.371923449358013,16.92290090641753,12.70363440324935,8.91471371713798,8.189918825470544,7.851635916225819,11.651138393161432,12.658180537167596,12.653511746507592,10.984329624415304,13.433324981748337,12.190687347007822,13.968971488681726,13.554635035809168,9.231044715276177,9.82771979224139,10.489393674661478,9.266490104226534,6.108997545012256,7.630873017169453,7.076103346271055,3.3742253297816007,1.7959507368910268
AFG98863,1.4250868199895146,9.816969591611828,2.467739707346102,3.195032047065568,6.360902616032141,9.593703803832476,11.547532926301548,12.968257638580358,18.002175609902963,10.512191370041837,10.32758046031389,9.732919099367573,11.303054032157558,11.70694579479314,9.652967771492802,11.542579779484514,10.634029536491656,12.788153229686564,17.917287360548062,19.952587535911626,19.67996058159127,19.73848163685158,19.28882052518912,19.6635091459606,19.186406964535752,16.743844671477632
AFG98995,4.245448794710678,6.589081217771181,4.270772516832168,3.2331584716877044,3.0872711492483536,6.541859337069601,10.155163406850248,11.119100802026283,15.483484315058144,7.319591149399627,6.881762103676595,6.804254499446439,8.874790892547301,9.20530899694266,6.79841456654898,8.942123301564406,8.73189981348206,10.977824638129498,15.26467190488316,17.031089514062277,17.015297854952976,17.714740012884366,16.730926264471208,17.520278362523904,17.560871306683627,15.828717973150097
